Techstack,Links
React,https://portfolio-beryl-chi-38.vercel.app/
Node.js,https://portfolio-beryl-chi-38.vercel.app/
MongoDB,https://portfolio-beryl-chi-38.vercel.app/
Angular,https://portfolio-beryl-chi-38.vercel.app/
Sql Server,https://portfolio-beryl-chi-38.vercel.app/
Python,https://portfolio-beryl-chi-38.vercel.app/
Django,https://portfolio-beryl-chi-38.vercel.app/
MySQL,https://portfolio-beryl-chi-38.vercel.app/
C++,https://portfolio-beryl-chi-38.vercel.app/
Firebase,https://portfolio-beryl-chi-38.vercel.app/
WordPress,https://portfolio-beryl-chi-38.vercel.app/
Backend,https://portfolio-beryl-chi-38.vercel.app/
Frontend,https://portfolio-beryl-chi-38.vercel.app/
Full-Stack,https://portfolio-beryl-chi-38.vercel.app/
JavaScript,https://portfolio-beryl-chi-38.vercel.app/
TypeScript,https://portfolio-beryl-chi-38.vercel.app/
Express.js,https://portfolio-beryl-chi-38.vercel.app/
